source,target,frequency
Willem Vasco-Pais,Benito Hawelon,2.0
Willem Vasco-Pais,Hennie Osvaldo,4.0
Willem Vasco-Pais,Linda Lagos,1.0
Willem Vasco-Pais,Mat Bramar,20.0
Willem Vasco-Pais,Linnea Bergen,3.0
Willem Vasco-Pais,Valeria Morlun,1.0
Willem Vasco-Pais,Isak Baza,3.0
Willem Vasco-Pais,Varja Lagos,2.0
Willem Vasco-Pais,Cornelia Lais,2.0
Willem Vasco-Pais,Anda Ribera,2.0
Willem Vasco-Pais,Bertrand Ovan,1.0
Willem Vasco-Pais,Birgitta Frente,1.0
Willem Vasco-Pais,Minke Mies,2.0
Willem Vasco-Pais,Ada Campo-Corrente,23.0
Willem Vasco-Pais,Felix Balas,1.0
Willem Vasco-Pais,Carla Forluniau,1.0
Willem Vasco-Pais,Lars Azada,3.0
Willem Vasco-Pais,Dante Coginian,2.0
Willem Vasco-Pais,Felix Resumir,3.0
Willem Vasco-Pais,Loreto Bodrogi,2.0
Willem Vasco-Pais,Vira Frente,1.0
Willem Vasco-Pais,Lucas Alcazar,3.0
Willem Vasco-Pais,Varro Awelon,2.0
Willem Vasco-Pais,Stenig Fusil,1.0
Willem Vasco-Pais,Isia Vann,1.0
Willem Vasco-Pais,Irene Nant,2.0
Willem Vasco-Pais,Isande Borrasca,3.0
Willem Vasco-Pais,Henk Mies,1.0
Willem Vasco-Pais,Sten Sanjorge Jr,24.0
Willem Vasco-Pais,Claudio Hawelon,2.0
Willem Vasco-Pais,Gustav Cazar,2.0
Willem Vasco-Pais,Ruscella Mies Haber,11.0
Willem Vasco-Pais,Cecilia Morluniau,1.0
Willem Vasco-Pais,Rachel Pantanal,1.0
Willem Vasco-Pais,Emile Arpa,2.0
Willem Vasco-Pais,Hideki Cocinaro,2.0
Willem Vasco-Pais,Brand Tempestad,1.0
Willem Vasco-Pais,Adra Nubarron,4.0
Willem Vasco-Pais,Inga Ferro,7.0
Willem Vasco-Pais,Dylan Scozzese,2.0
Willem Vasco-Pais,Orhan Strum,26.0
Willem Vasco-Pais,Marin Onda,2.0
Willem Vasco-Pais,Lidelse Dedos,1.0
Willem Vasco-Pais,Kanon Herrero,2.0
Willem Vasco-Pais,Adan Morlun,2.0
Willem Vasco-Pais,Albina Hafon,1.0
Willem Vasco-Pais,Sven Flecha,1.0
Willem Vasco-Pais,Elsa Orilla,3.0
Willem Vasco-Pais,Nils Calixto,1.0
Willem Vasco-Pais,Edvard Vann,3.0
Willem Vasco-Pais,Ingrid Barranco,13.0
Willem Vasco-Pais,Kare Orilla,1.0
Willem Vasco-Pais,Axel Calzas,3.0
Benito Hawelon,Hennie Osvaldo,4.0
Benito Hawelon,Linda Lagos,1.0
Benito Hawelon,Mat Bramar,20.0
Benito Hawelon,Linnea Bergen,3.0
Benito Hawelon,Valeria Morlun,12.0
Benito Hawelon,Isak Baza,3.0
Benito Hawelon,Varja Lagos,1.0
Benito Hawelon,Cornelia Lais,2.0
Benito Hawelon,Anda Ribera,2.0
Benito Hawelon,Bertrand Ovan,27.0
Benito Hawelon,Birgitta Frente,1.0
Benito Hawelon,Minke Mies,2.0
Benito Hawelon,Ada Campo-Corrente,3.0
Benito Hawelon,Felix Balas,1.0
Benito Hawelon,Carla Forluniau,1.0
Benito Hawelon,Lars Azada,3.0
Benito Hawelon,Dante Coginian,17.0
Benito Hawelon,Felix Resumir,8.0
Benito Hawelon,Loreto Bodrogi,2.0
Benito Hawelon,Vira Frente,1.0
Benito Hawelon,Lucas Alcazar,3.0
Benito Hawelon,Varro Awelon,13.0
Benito Hawelon,Stenig Fusil,1.0
Benito Hawelon,Isia Vann,1.0
Benito Hawelon,Irene Nant,12.0
Benito Hawelon,Isande Borrasca,3.0
Benito Hawelon,Henk Mies,35.0
Benito Hawelon,Sten Sanjorge Jr,1.0
Benito Hawelon,Claudio Hawelon,19.0
Benito Hawelon,Gustav Cazar,2.0
Benito Hawelon,Ruscella Mies Haber,11.0
Benito Hawelon,Cecilia Morluniau,12.0
Benito Hawelon,Rachel Pantanal,1.0
Benito Hawelon,Emile Arpa,13.0
Benito Hawelon,Hideki Cocinaro,2.0
Benito Hawelon,Brand Tempestad,1.0
Benito Hawelon,Adra Nubarron,4.0
Benito Hawelon,Inga Ferro,3.0
Benito Hawelon,Dylan Scozzese,14.0
Benito Hawelon,Orhan Strum,1.0
Benito Hawelon,Marin Onda,2.0
Benito Hawelon,Lidelse Dedos,1.0
Benito Hawelon,Kanon Herrero,2.0
Benito Hawelon,Adan Morlun,17.0
Benito Hawelon,Albina Hafon,28.0
Benito Hawelon,Sven Flecha,1.0
Benito Hawelon,Elsa Orilla,8.0
Benito Hawelon,Nils Calixto,1.0
Benito Hawelon,Edvard Vann,3.0
Benito Hawelon,Ingrid Barranco,6.0
Benito Hawelon,Kare Orilla,2.0
Benito Hawelon,Axel Calzas,3.0
Hennie Osvaldo,Linda Lagos,3.0
Hennie Osvaldo,Mat Bramar,22.0
Hennie Osvaldo,Linnea Bergen,8.0
Hennie Osvaldo,Valeria Morlun,3.0
Hennie Osvaldo,Isak Baza,5.0
Hennie Osvaldo,Varja Lagos,11.0
Hennie Osvaldo,Cornelia Lais,4.0
Hennie Osvaldo,Anda Ribera,4.0
Hennie Osvaldo,Bertrand Ovan,3.0
Hennie Osvaldo,Birgitta Frente,3.0
Hennie Osvaldo,Minke Mies,9.0
Hennie Osvaldo,Ada Campo-Corrente,5.0
Hennie Osvaldo,Felix Balas,5.0
Hennie Osvaldo,Carla Forluniau,3.0
Hennie Osvaldo,Lars Azada,5.0
Hennie Osvaldo,Dante Coginian,4.0
Hennie Osvaldo,Felix Resumir,11.0
Hennie Osvaldo,Loreto Bodrogi,13.0
Hennie Osvaldo,Vira Frente,3.0
Hennie Osvaldo,Lucas Alcazar,5.0
Hennie Osvaldo,Varro Awelon,4.0
Hennie Osvaldo,Stenig Fusil,15.0
Hennie Osvaldo,Isia Vann,13.0
Hennie Osvaldo,Irene Nant,4.0
Hennie Osvaldo,Isande Borrasca,5.0
Hennie Osvaldo,Henk Mies,3.0
Hennie Osvaldo,Sten Sanjorge Jr,3.0
Hennie Osvaldo,Claudio Hawelon,4.0
Hennie Osvaldo,Gustav Cazar,4.0
Hennie Osvaldo,Ruscella Mies Haber,17.0
Hennie Osvaldo,Cecilia Morluniau,3.0
Hennie Osvaldo,Rachel Pantanal,7.0
Hennie Osvaldo,Emile Arpa,4.0
Hennie Osvaldo,Hideki Cocinaro,10.0
Hennie Osvaldo,Brand Tempestad,3.0
Hennie Osvaldo,Adra Nubarron,6.0
Hennie Osvaldo,Inga Ferro,14.0
Hennie Osvaldo,Dylan Scozzese,4.0
Hennie Osvaldo,Orhan Strum,3.0
Hennie Osvaldo,Marin Onda,4.0
Hennie Osvaldo,Lidelse Dedos,3.0
Hennie Osvaldo,Kanon Herrero,13.0
Hennie Osvaldo,Adan Morlun,4.0
Hennie Osvaldo,Albina Hafon,3.0
Hennie Osvaldo,Sven Flecha,3.0
Hennie Osvaldo,Elsa Orilla,5.0
Hennie Osvaldo,Nils Calixto,3.0
Hennie Osvaldo,Edvard Vann,11.0
Hennie Osvaldo,Ingrid Barranco,8.0
Hennie Osvaldo,Kare Orilla,3.0
Hennie Osvaldo,Axel Calzas,5.0
Linda Lagos,Mat Bramar,55.0
Linda Lagos,Linnea Bergen,2.0
Linda Lagos,Valeria Morlun,0.0
Linda Lagos,Isak Baza,2.0
Linda Lagos,Varja Lagos,0.0
Linda Lagos,Cornelia Lais,39.0
Linda Lagos,Anda Ribera,32.0
Linda Lagos,Bertrand Ovan,0.0
Linda Lagos,Birgitta Frente,0.0
Linda Lagos,Minke Mies,1.0
Linda Lagos,Ada Campo-Corrente,2.0
Linda Lagos,Felix Balas,0.0
Linda Lagos,Carla Forluniau,37.0
Linda Lagos,Lars Azada,2.0
Linda Lagos,Dante Coginian,1.0
Linda Lagos,Felix Resumir,2.0
Linda Lagos,Loreto Bodrogi,1.0
Linda Lagos,Vira Frente,2.0
Linda Lagos,Lucas Alcazar,2.0
Linda Lagos,Varro Awelon,1.0
Linda Lagos,Stenig Fusil,0.0
Linda Lagos,Isia Vann,0.0
Linda Lagos,Irene Nant,1.0
Linda Lagos,Isande Borrasca,2.0
Linda Lagos,Henk Mies,0.0
Linda Lagos,Sten Sanjorge Jr,0.0
Linda Lagos,Claudio Hawelon,1.0
Linda Lagos,Gustav Cazar,1.0
Linda Lagos,Ruscella Mies Haber,42.0
Linda Lagos,Cecilia Morluniau,0.0
Linda Lagos,Rachel Pantanal,32.0
Linda Lagos,Emile Arpa,1.0
Linda Lagos,Hideki Cocinaro,1.0
Linda Lagos,Brand Tempestad,0.0
Linda Lagos,Adra Nubarron,3.0
Linda Lagos,Inga Ferro,2.0
Linda Lagos,Dylan Scozzese,1.0
Linda Lagos,Orhan Strum,0.0
Linda Lagos,Marin Onda,1.0
Linda Lagos,Lidelse Dedos,0.0
Linda Lagos,Kanon Herrero,1.0
Linda Lagos,Adan Morlun,1.0
Linda Lagos,Albina Hafon,0.0
Linda Lagos,Sven Flecha,0.0
Linda Lagos,Elsa Orilla,2.0
Linda Lagos,Nils Calixto,0.0
Linda Lagos,Edvard Vann,2.0
Linda Lagos,Ingrid Barranco,5.0
Linda Lagos,Kare Orilla,0.0
Linda Lagos,Axel Calzas,2.0
Mat Bramar,Linnea Bergen,21.0
Mat Bramar,Valeria Morlun,19.0
Mat Bramar,Isak Baza,21.0
Mat Bramar,Varja Lagos,19.0
Mat Bramar,Cornelia Lais,58.0
Mat Bramar,Anda Ribera,51.0
Mat Bramar,Bertrand Ovan,19.0
Mat Bramar,Birgitta Frente,19.0
Mat Bramar,Minke Mies,20.0
Mat Bramar,Ada Campo-Corrente,21.0
Mat Bramar,Felix Balas,19.0
Mat Bramar,Carla Forluniau,56.0
Mat Bramar,Lars Azada,21.0
Mat Bramar,Dante Coginian,22.0
Mat Bramar,Felix Resumir,21.0
Mat Bramar,Loreto Bodrogi,20.0
Mat Bramar,Vira Frente,19.0
Mat Bramar,Lucas Alcazar,21.0
Mat Bramar,Varro Awelon,26.0
Mat Bramar,Stenig Fusil,19.0
Mat Bramar,Isia Vann,19.0
Mat Bramar,Irene Nant,20.0
Mat Bramar,Isande Borrasca,21.0
Mat Bramar,Henk Mies,19.0
Mat Bramar,Sten Sanjorge Jr,19.0
Mat Bramar,Claudio Hawelon,20.0
Mat Bramar,Gustav Cazar,20.0
Mat Bramar,Ruscella Mies Haber,61.0
Mat Bramar,Cecilia Morluniau,19.0
Mat Bramar,Rachel Pantanal,51.0
Mat Bramar,Emile Arpa,20.0
Mat Bramar,Hideki Cocinaro,20.0
Mat Bramar,Brand Tempestad,19.0
Mat Bramar,Adra Nubarron,22.0
Mat Bramar,Inga Ferro,21.0
Mat Bramar,Dylan Scozzese,20.0
Mat Bramar,Orhan Strum,19.0
Mat Bramar,Marin Onda,20.0
Mat Bramar,Lidelse Dedos,19.0
Mat Bramar,Kanon Herrero,20.0
Mat Bramar,Adan Morlun,20.0
Mat Bramar,Albina Hafon,19.0
Mat Bramar,Sven Flecha,19.0
Mat Bramar,Elsa Orilla,21.0
Mat Bramar,Nils Calixto,19.0
Mat Bramar,Edvard Vann,21.0
Mat Bramar,Ingrid Barranco,24.0
Mat Bramar,Kare Orilla,19.0
Mat Bramar,Axel Calzas,21.0
Linnea Bergen,Valeria Morlun,2.0
Linnea Bergen,Isak Baza,4.0
Linnea Bergen,Varja Lagos,2.0
Linnea Bergen,Cornelia Lais,3.0
Linnea Bergen,Anda Ribera,3.0
Linnea Bergen,Bertrand Ovan,2.0
Linnea Bergen,Birgitta Frente,2.0
Linnea Bergen,Minke Mies,6.0
Linnea Bergen,Ada Campo-Corrente,4.0
Linnea Bergen,Felix Balas,2.0
Linnea Bergen,Carla Forluniau,2.0
Linnea Bergen,Lars Azada,4.0
Linnea Bergen,Dante Coginian,3.0
Linnea Bergen,Felix Resumir,4.0
Linnea Bergen,Loreto Bodrogi,6.0
Linnea Bergen,Vira Frente,2.0
Linnea Bergen,Lucas Alcazar,6.0
Linnea Bergen,Varro Awelon,3.0
Linnea Bergen,Stenig Fusil,2.0
Linnea Bergen,Isia Vann,5.0
Linnea Bergen,Irene Nant,3.0
Linnea Bergen,Isande Borrasca,4.0
Linnea Bergen,Henk Mies,2.0
Linnea Bergen,Sten Sanjorge Jr,2.0
Linnea Bergen,Claudio Hawelon,6.0
Linnea Bergen,Gustav Cazar,3.0
Linnea Bergen,Ruscella Mies Haber,17.0
Linnea Bergen,Cecilia Morluniau,2.0
Linnea Bergen,Rachel Pantanal,4.0
Linnea Bergen,Emile Arpa,3.0
Linnea Bergen,Hideki Cocinaro,3.0
Linnea Bergen,Brand Tempestad,2.0
Linnea Bergen,Adra Nubarron,5.0
Linnea Bergen,Inga Ferro,7.0
Linnea Bergen,Dylan Scozzese,3.0
Linnea Bergen,Orhan Strum,2.0
Linnea Bergen,Marin Onda,3.0
Linnea Bergen,Lidelse Dedos,2.0
Linnea Bergen,Kanon Herrero,3.0
Linnea Bergen,Adan Morlun,3.0
Linnea Bergen,Albina Hafon,2.0
Linnea Bergen,Sven Flecha,2.0
Linnea Bergen,Elsa Orilla,4.0
Linnea Bergen,Nils Calixto,2.0
Linnea Bergen,Edvard Vann,4.0
Linnea Bergen,Ingrid Barranco,7.0
Linnea Bergen,Kare Orilla,2.0
Linnea Bergen,Axel Calzas,5.0
Valeria Morlun,Isak Baza,2.0
Valeria Morlun,Varja Lagos,0.0
Valeria Morlun,Cornelia Lais,1.0
Valeria Morlun,Anda Ribera,4.0
Valeria Morlun,Bertrand Ovan,25.0
Valeria Morlun,Birgitta Frente,0.0
Valeria Morlun,Minke Mies,1.0
Valeria Morlun,Ada Campo-Corrente,2.0
Valeria Morlun,Felix Balas,0.0
Valeria Morlun,Carla Forluniau,0.0
Valeria Morlun,Lars Azada,2.0
Valeria Morlun,Dante Coginian,10.0
Valeria Morlun,Felix Resumir,2.0
Valeria Morlun,Loreto Bodrogi,1.0
Valeria Morlun,Vira Frente,0.0
Valeria Morlun,Lucas Alcazar,2.0
Valeria Morlun,Varro Awelon,11.0
Valeria Morlun,Stenig Fusil,1.0
Valeria Morlun,Isia Vann,0.0
Valeria Morlun,Irene Nant,5.0
Valeria Morlun,Isande Borrasca,2.0
Valeria Morlun,Henk Mies,21.0
Valeria Morlun,Sten Sanjorge Jr,0.0
Valeria Morlun,Claudio Hawelon,16.0
Valeria Morlun,Gustav Cazar,1.0
Valeria Morlun,Ruscella Mies Haber,10.0
Valeria Morlun,Cecilia Morluniau,7.0
Valeria Morlun,Rachel Pantanal,0.0
Valeria Morlun,Emile Arpa,9.0
Valeria Morlun,Hideki Cocinaro,1.0
Valeria Morlun,Brand Tempestad,0.0
Valeria Morlun,Adra Nubarron,3.0
Valeria Morlun,Inga Ferro,2.0
Valeria Morlun,Dylan Scozzese,19.0
Valeria Morlun,Orhan Strum,0.0
Valeria Morlun,Marin Onda,1.0
Valeria Morlun,Lidelse Dedos,0.0
Valeria Morlun,Kanon Herrero,1.0
Valeria Morlun,Adan Morlun,15.0
Valeria Morlun,Albina Hafon,12.0
Valeria Morlun,Sven Flecha,0.0
Valeria Morlun,Elsa Orilla,2.0
Valeria Morlun,Nils Calixto,0.0
Valeria Morlun,Edvard Vann,2.0
Valeria Morlun,Ingrid Barranco,5.0
Valeria Morlun,Kare Orilla,0.0
Valeria Morlun,Axel Calzas,2.0
Isak Baza,Varja Lagos,2.0
Isak Baza,Cornelia Lais,3.0
Isak Baza,Anda Ribera,3.0
Isak Baza,Bertrand Ovan,2.0
Isak Baza,Birgitta Frente,7.0
Isak Baza,Minke Mies,3.0
Isak Baza,Ada Campo-Corrente,4.0
Isak Baza,Felix Balas,2.0
Isak Baza,Carla Forluniau,2.0
Isak Baza,Lars Azada,4.0
Isak Baza,Dante Coginian,3.0
Isak Baza,Felix Resumir,4.0
Isak Baza,Loreto Bodrogi,3.0
Isak Baza,Vira Frente,2.0
Isak Baza,Lucas Alcazar,75.0
Isak Baza,Varro Awelon,3.0
Isak Baza,Stenig Fusil,2.0
Isak Baza,Isia Vann,2.0
Isak Baza,Irene Nant,3.0
Isak Baza,Isande Borrasca,4.0
Isak Baza,Henk Mies,2.0
Isak Baza,Sten Sanjorge Jr,2.0
Isak Baza,Claudio Hawelon,3.0
Isak Baza,Gustav Cazar,3.0
Isak Baza,Ruscella Mies Haber,12.0
Isak Baza,Cecilia Morluniau,2.0
Isak Baza,Rachel Pantanal,2.0
Isak Baza,Emile Arpa,3.0
Isak Baza,Hideki Cocinaro,3.0
Isak Baza,Brand Tempestad,2.0
Isak Baza,Adra Nubarron,5.0
Isak Baza,Inga Ferro,4.0
Isak Baza,Dylan Scozzese,3.0
Isak Baza,Orhan Strum,2.0
Isak Baza,Marin Onda,3.0
Isak Baza,Lidelse Dedos,2.0
Isak Baza,Kanon Herrero,3.0
Isak Baza,Adan Morlun,3.0
Isak Baza,Albina Hafon,2.0
Isak Baza,Sven Flecha,57.0
Isak Baza,Elsa Orilla,4.0
Isak Baza,Nils Calixto,49.0
Isak Baza,Edvard Vann,4.0
Isak Baza,Ingrid Barranco,7.0
Isak Baza,Kare Orilla,2.0
Isak Baza,Axel Calzas,4.0
Varja Lagos,Cornelia Lais,1.0
Varja Lagos,Anda Ribera,1.0
Varja Lagos,Bertrand Ovan,0.0
Varja Lagos,Birgitta Frente,0.0
Varja Lagos,Minke Mies,6.0
Varja Lagos,Ada Campo-Corrente,2.0
Varja Lagos,Felix Balas,1.0
Varja Lagos,Carla Forluniau,0.0
Varja Lagos,Lars Azada,2.0
Varja Lagos,Dante Coginian,1.0
Varja Lagos,Felix Resumir,8.0
Varja Lagos,Loreto Bodrogi,10.0
Varja Lagos,Vira Frente,0.0
Varja Lagos,Lucas Alcazar,2.0
Varja Lagos,Varro Awelon,1.0
Varja Lagos,Stenig Fusil,11.0
Varja Lagos,Isia Vann,8.0
Varja Lagos,Irene Nant,1.0
Varja Lagos,Isande Borrasca,2.0
Varja Lagos,Henk Mies,0.0
Varja Lagos,Sten Sanjorge Jr,0.0
Varja Lagos,Claudio Hawelon,1.0
Varja Lagos,Gustav Cazar,1.0
Varja Lagos,Ruscella Mies Haber,10.0
Varja Lagos,Cecilia Morluniau,0.0
Varja Lagos,Rachel Pantanal,0.0
Varja Lagos,Emile Arpa,1.0
Varja Lagos,Hideki Cocinaro,11.0
Varja Lagos,Brand Tempestad,0.0
Varja Lagos,Adra Nubarron,3.0
Varja Lagos,Inga Ferro,9.0
Varja Lagos,Dylan Scozzese,1.0
Varja Lagos,Orhan Strum,0.0
Varja Lagos,Marin Onda,1.0
Varja Lagos,Lidelse Dedos,0.0
Varja Lagos,Kanon Herrero,10.0
Varja Lagos,Adan Morlun,1.0
Varja Lagos,Albina Hafon,0.0
Varja Lagos,Sven Flecha,0.0
Varja Lagos,Elsa Orilla,2.0
Varja Lagos,Nils Calixto,0.0
Varja Lagos,Edvard Vann,6.0
Varja Lagos,Ingrid Barranco,5.0
Varja Lagos,Kare Orilla,0.0
Varja Lagos,Axel Calzas,5.0
Cornelia Lais,Anda Ribera,41.0
Cornelia Lais,Bertrand Ovan,1.0
Cornelia Lais,Birgitta Frente,1.0
Cornelia Lais,Minke Mies,2.0
Cornelia Lais,Ada Campo-Corrente,3.0
Cornelia Lais,Felix Balas,1.0
Cornelia Lais,Carla Forluniau,40.0
Cornelia Lais,Lars Azada,3.0
Cornelia Lais,Dante Coginian,2.0
Cornelia Lais,Felix Resumir,3.0
Cornelia Lais,Loreto Bodrogi,2.0
Cornelia Lais,Vira Frente,1.0
Cornelia Lais,Lucas Alcazar,3.0
Cornelia Lais,Varro Awelon,2.0
Cornelia Lais,Stenig Fusil,1.0
Cornelia Lais,Isia Vann,1.0
Cornelia Lais,Irene Nant,2.0
Cornelia Lais,Isande Borrasca,3.0
Cornelia Lais,Henk Mies,1.0
Cornelia Lais,Sten Sanjorge Jr,1.0
Cornelia Lais,Claudio Hawelon,2.0
Cornelia Lais,Gustav Cazar,2.0
Cornelia Lais,Ruscella Mies Haber,45.0
Cornelia Lais,Cecilia Morluniau,1.0
Cornelia Lais,Rachel Pantanal,35.0
Cornelia Lais,Emile Arpa,2.0
Cornelia Lais,Hideki Cocinaro,6.0
Cornelia Lais,Brand Tempestad,1.0
Cornelia Lais,Adra Nubarron,4.0
Cornelia Lais,Inga Ferro,3.0
Cornelia Lais,Dylan Scozzese,2.0
Cornelia Lais,Orhan Strum,1.0
Cornelia Lais,Marin Onda,2.0
Cornelia Lais,Lidelse Dedos,1.0
Cornelia Lais,Kanon Herrero,2.0
Cornelia Lais,Adan Morlun,2.0
Cornelia Lais,Albina Hafon,1.0
Cornelia Lais,Sven Flecha,1.0
Cornelia Lais,Elsa Orilla,3.0
Cornelia Lais,Nils Calixto,1.0
Cornelia Lais,Edvard Vann,3.0
Cornelia Lais,Ingrid Barranco,6.0
Cornelia Lais,Kare Orilla,1.0
Cornelia Lais,Axel Calzas,3.0
Anda Ribera,Bertrand Ovan,1.0
Anda Ribera,Birgitta Frente,1.0
Anda Ribera,Minke Mies,2.0
Anda Ribera,Ada Campo-Corrente,3.0
Anda Ribera,Felix Balas,1.0
Anda Ribera,Carla Forluniau,33.0
Anda Ribera,Lars Azada,7.0
Anda Ribera,Dante Coginian,2.0
Anda Ribera,Felix Resumir,3.0
Anda Ribera,Loreto Bodrogi,2.0
Anda Ribera,Vira Frente,1.0
Anda Ribera,Lucas Alcazar,3.0
Anda Ribera,Varro Awelon,2.0
Anda Ribera,Stenig Fusil,1.0
Anda Ribera,Isia Vann,1.0
Anda Ribera,Irene Nant,2.0
Anda Ribera,Isande Borrasca,3.0
Anda Ribera,Henk Mies,5.0
Anda Ribera,Sten Sanjorge Jr,1.0
Anda Ribera,Claudio Hawelon,2.0
Anda Ribera,Gustav Cazar,5.0
Anda Ribera,Ruscella Mies Haber,38.0
Anda Ribera,Cecilia Morluniau,1.0
Anda Ribera,Rachel Pantanal,28.0
Anda Ribera,Emile Arpa,2.0
Anda Ribera,Hideki Cocinaro,2.0
Anda Ribera,Brand Tempestad,1.0
Anda Ribera,Adra Nubarron,4.0
Anda Ribera,Inga Ferro,3.0
Anda Ribera,Dylan Scozzese,2.0
Anda Ribera,Orhan Strum,1.0
Anda Ribera,Marin Onda,2.0
Anda Ribera,Lidelse Dedos,1.0
Anda Ribera,Kanon Herrero,2.0
Anda Ribera,Adan Morlun,2.0
Anda Ribera,Albina Hafon,1.0
Anda Ribera,Sven Flecha,1.0
Anda Ribera,Elsa Orilla,3.0
Anda Ribera,Nils Calixto,1.0
Anda Ribera,Edvard Vann,3.0
Anda Ribera,Ingrid Barranco,6.0
Anda Ribera,Kare Orilla,1.0
Anda Ribera,Axel Calzas,3.0
Bertrand Ovan,Birgitta Frente,0.0
Bertrand Ovan,Minke Mies,1.0
Bertrand Ovan,Ada Campo-Corrente,2.0
Bertrand Ovan,Felix Balas,0.0
Bertrand Ovan,Carla Forluniau,0.0
Bertrand Ovan,Lars Azada,2.0
Bertrand Ovan,Dante Coginian,27.0
Bertrand Ovan,Felix Resumir,2.0
Bertrand Ovan,Loreto Bodrogi,1.0
Bertrand Ovan,Vira Frente,0.0
Bertrand Ovan,Lucas Alcazar,2.0
Bertrand Ovan,Varro Awelon,25.0
Bertrand Ovan,Stenig Fusil,0.0
Bertrand Ovan,Isia Vann,0.0
Bertrand Ovan,Irene Nant,28.0
Bertrand Ovan,Isande Borrasca,2.0
Bertrand Ovan,Henk Mies,30.0
Bertrand Ovan,Sten Sanjorge Jr,0.0
Bertrand Ovan,Claudio Hawelon,28.0
Bertrand Ovan,Gustav Cazar,1.0
Bertrand Ovan,Ruscella Mies Haber,10.0
Bertrand Ovan,Cecilia Morluniau,28.0
Bertrand Ovan,Rachel Pantanal,0.0
Bertrand Ovan,Emile Arpa,27.0
Bertrand Ovan,Hideki Cocinaro,1.0
Bertrand Ovan,Brand Tempestad,0.0
Bertrand Ovan,Adra Nubarron,3.0
Bertrand Ovan,Inga Ferro,2.0
Bertrand Ovan,Dylan Scozzese,27.0
Bertrand Ovan,Orhan Strum,0.0
Bertrand Ovan,Marin Onda,1.0
Bertrand Ovan,Lidelse Dedos,0.0
Bertrand Ovan,Kanon Herrero,1.0
Bertrand Ovan,Adan Morlun,27.0
Bertrand Ovan,Albina Hafon,29.0
Bertrand Ovan,Sven Flecha,0.0
Bertrand Ovan,Elsa Orilla,2.0
Bertrand Ovan,Nils Calixto,0.0
Bertrand Ovan,Edvard Vann,2.0
Bertrand Ovan,Ingrid Barranco,5.0
Bertrand Ovan,Kare Orilla,0.0
Bertrand Ovan,Axel Calzas,2.0
Birgitta Frente,Minke Mies,1.0
Birgitta Frente,Ada Campo-Corrente,2.0
Birgitta Frente,Felix Balas,8.0
Birgitta Frente,Carla Forluniau,0.0
Birgitta Frente,Lars Azada,12.0
Birgitta Frente,Dante Coginian,1.0
Birgitta Frente,Felix Resumir,2.0
Birgitta Frente,Loreto Bodrogi,1.0
Birgitta Frente,Vira Frente,4.0
Birgitta Frente,Lucas Alcazar,2.0
Birgitta Frente,Varro Awelon,1.0
Birgitta Frente,Stenig Fusil,0.0
Birgitta Frente,Isia Vann,0.0
Birgitta Frente,Irene Nant,1.0
Birgitta Frente,Isande Borrasca,10.0
Birgitta Frente,Henk Mies,0.0
Birgitta Frente,Sten Sanjorge Jr,0.0
Birgitta Frente,Claudio Hawelon,1.0
Birgitta Frente,Gustav Cazar,7.0
Birgitta Frente,Ruscella Mies Haber,10.0
Birgitta Frente,Cecilia Morluniau,0.0
Birgitta Frente,Rachel Pantanal,0.0
Birgitta Frente,Emile Arpa,1.0
Birgitta Frente,Hideki Cocinaro,1.0
Birgitta Frente,Brand Tempestad,11.0
Birgitta Frente,Adra Nubarron,8.0
Birgitta Frente,Inga Ferro,2.0
Birgitta Frente,Dylan Scozzese,1.0
Birgitta Frente,Orhan Strum,0.0
Birgitta Frente,Marin Onda,6.0
Birgitta Frente,Lidelse Dedos,6.0
Birgitta Frente,Kanon Herrero,1.0
Birgitta Frente,Adan Morlun,1.0
Birgitta Frente,Albina Hafon,0.0
Birgitta Frente,Sven Flecha,0.0
Birgitta Frente,Elsa Orilla,13.0
Birgitta Frente,Nils Calixto,0.0
Birgitta Frente,Edvard Vann,2.0
Birgitta Frente,Ingrid Barranco,5.0
Birgitta Frente,Kare Orilla,5.0
Birgitta Frente,Axel Calzas,9.0
Minke Mies,Ada Campo-Corrente,3.0
Minke Mies,Felix Balas,1.0
Minke Mies,Carla Forluniau,1.0
Minke Mies,Lars Azada,3.0
Minke Mies,Dante Coginian,2.0
Minke Mies,Felix Resumir,5.0
Minke Mies,Loreto Bodrogi,7.0
Minke Mies,Vira Frente,7.0
Minke Mies,Lucas Alcazar,3.0
Minke Mies,Varro Awelon,2.0
Minke Mies,Stenig Fusil,7.0
Minke Mies,Isia Vann,4.0
Minke Mies,Irene Nant,2.0
Minke Mies,Isande Borrasca,3.0
Minke Mies,Henk Mies,1.0
Minke Mies,Sten Sanjorge Jr,1.0
Minke Mies,Claudio Hawelon,2.0
Minke Mies,Gustav Cazar,2.0
Minke Mies,Ruscella Mies Haber,14.0
Minke Mies,Cecilia Morluniau,1.0
Minke Mies,Rachel Pantanal,1.0
Minke Mies,Emile Arpa,2.0
Minke Mies,Hideki Cocinaro,4.0
Minke Mies,Brand Tempestad,1.0
Minke Mies,Adra Nubarron,5.0
Minke Mies,Inga Ferro,16.0
Minke Mies,Dylan Scozzese,2.0
Minke Mies,Orhan Strum,1.0
Minke Mies,Marin Onda,2.0
Minke Mies,Lidelse Dedos,1.0
Minke Mies,Kanon Herrero,7.0
Minke Mies,Adan Morlun,2.0
Minke Mies,Albina Hafon,1.0
Minke Mies,Sven Flecha,1.0
Minke Mies,Elsa Orilla,3.0
Minke Mies,Nils Calixto,5.0
Minke Mies,Edvard Vann,7.0
Minke Mies,Ingrid Barranco,6.0
Minke Mies,Kare Orilla,1.0
Minke Mies,Axel Calzas,3.0
Ada Campo-Corrente,Felix Balas,2.0
Ada Campo-Corrente,Carla Forluniau,2.0
Ada Campo-Corrente,Lars Azada,4.0
Ada Campo-Corrente,Dante Coginian,3.0
Ada Campo-Corrente,Felix Resumir,8.0
Ada Campo-Corrente,Loreto Bodrogi,3.0
Ada Campo-Corrente,Vira Frente,2.0
Ada Campo-Corrente,Lucas Alcazar,4.0
Ada Campo-Corrente,Varro Awelon,3.0
Ada Campo-Corrente,Stenig Fusil,2.0
Ada Campo-Corrente,Isia Vann,2.0
Ada Campo-Corrente,Irene Nant,3.0
Ada Campo-Corrente,Isande Borrasca,4.0
Ada Campo-Corrente,Henk Mies,2.0
Ada Campo-Corrente,Sten Sanjorge Jr,38.0
Ada Campo-Corrente,Claudio Hawelon,3.0
Ada Campo-Corrente,Gustav Cazar,3.0
Ada Campo-Corrente,Ruscella Mies Haber,14.0
Ada Campo-Corrente,Cecilia Morluniau,2.0
Ada Campo-Corrente,Rachel Pantanal,2.0
Ada Campo-Corrente,Emile Arpa,3.0
Ada Campo-Corrente,Hideki Cocinaro,3.0
Ada Campo-Corrente,Brand Tempestad,2.0
Ada Campo-Corrente,Adra Nubarron,5.0
Ada Campo-Corrente,Inga Ferro,4.0
Ada Campo-Corrente,Dylan Scozzese,3.0
Ada Campo-Corrente,Orhan Strum,17.0
Ada Campo-Corrente,Marin Onda,3.0
Ada Campo-Corrente,Lidelse Dedos,2.0
Ada Campo-Corrente,Kanon Herrero,3.0
Ada Campo-Corrente,Adan Morlun,3.0
Ada Campo-Corrente,Albina Hafon,2.0
Ada Campo-Corrente,Sven Flecha,2.0
Ada Campo-Corrente,Elsa Orilla,4.0
Ada Campo-Corrente,Nils Calixto,2.0
Ada Campo-Corrente,Edvard Vann,4.0
Ada Campo-Corrente,Ingrid Barranco,29.0
Ada Campo-Corrente,Kare Orilla,2.0
Ada Campo-Corrente,Axel Calzas,4.0
Felix Balas,Carla Forluniau,4.0
Felix Balas,Lars Azada,14.0
Felix Balas,Dante Coginian,1.0
Felix Balas,Felix Resumir,2.0
Felix Balas,Loreto Bodrogi,1.0
Felix Balas,Vira Frente,8.0
Felix Balas,Lucas Alcazar,2.0
Felix Balas,Varro Awelon,1.0
Felix Balas,Stenig Fusil,0.0
Felix Balas,Isia Vann,0.0
Felix Balas,Irene Nant,1.0
Felix Balas,Isande Borrasca,13.0
Felix Balas,Henk Mies,0.0
Felix Balas,Sten Sanjorge Jr,0.0
Felix Balas,Claudio Hawelon,1.0
Felix Balas,Gustav Cazar,7.0
Felix Balas,Ruscella Mies Haber,10.0
Felix Balas,Cecilia Morluniau,0.0
Felix Balas,Rachel Pantanal,0.0
Felix Balas,Emile Arpa,1.0
Felix Balas,Hideki Cocinaro,1.0
Felix Balas,Brand Tempestad,13.0
Felix Balas,Adra Nubarron,14.0
Felix Balas,Inga Ferro,2.0
Felix Balas,Dylan Scozzese,1.0
Felix Balas,Orhan Strum,0.0
Felix Balas,Marin Onda,10.0
Felix Balas,Lidelse Dedos,11.0
Felix Balas,Kanon Herrero,1.0
Felix Balas,Adan Morlun,1.0
Felix Balas,Albina Hafon,0.0
Felix Balas,Sven Flecha,0.0
Felix Balas,Elsa Orilla,12.0
Felix Balas,Nils Calixto,0.0
Felix Balas,Edvard Vann,2.0
Felix Balas,Ingrid Barranco,5.0
Felix Balas,Kare Orilla,10.0
Felix Balas,Axel Calzas,13.0
Carla Forluniau,Lars Azada,2.0
Carla Forluniau,Dante Coginian,1.0
Carla Forluniau,Felix Resumir,2.0
Carla Forluniau,Loreto Bodrogi,1.0
Carla Forluniau,Vira Frente,0.0
Carla Forluniau,Lucas Alcazar,2.0
Carla Forluniau,Varro Awelon,6.0
Carla Forluniau,Stenig Fusil,0.0
Carla Forluniau,Isia Vann,0.0
Carla Forluniau,Irene Nant,2.0
Carla Forluniau,Isande Borrasca,2.0
Carla Forluniau,Henk Mies,0.0
Carla Forluniau,Sten Sanjorge Jr,0.0
Carla Forluniau,Claudio Hawelon,1.0
Carla Forluniau,Gustav Cazar,1.0
Carla Forluniau,Ruscella Mies Haber,43.0
Carla Forluniau,Cecilia Morluniau,0.0
Carla Forluniau,Rachel Pantanal,33.0
Carla Forluniau,Emile Arpa,1.0
Carla Forluniau,Hideki Cocinaro,1.0
Carla Forluniau,Brand Tempestad,0.0
Carla Forluniau,Adra Nubarron,3.0
Carla Forluniau,Inga Ferro,2.0
Carla Forluniau,Dylan Scozzese,1.0
Carla Forluniau,Orhan Strum,0.0
Carla Forluniau,Marin Onda,1.0
Carla Forluniau,Lidelse Dedos,0.0
Carla Forluniau,Kanon Herrero,1.0
Carla Forluniau,Adan Morlun,1.0
Carla Forluniau,Albina Hafon,0.0
Carla Forluniau,Sven Flecha,0.0
Carla Forluniau,Elsa Orilla,2.0
Carla Forluniau,Nils Calixto,0.0
Carla Forluniau,Edvard Vann,2.0
Carla Forluniau,Ingrid Barranco,5.0
Carla Forluniau,Kare Orilla,0.0
Carla Forluniau,Axel Calzas,2.0
Lars Azada,Dante Coginian,3.0
Lars Azada,Felix Resumir,4.0
Lars Azada,Loreto Bodrogi,3.0
Lars Azada,Vira Frente,12.0
Lars Azada,Lucas Alcazar,4.0
Lars Azada,Varro Awelon,3.0
Lars Azada,Stenig Fusil,2.0
Lars Azada,Isia Vann,2.0
Lars Azada,Irene Nant,3.0
Lars Azada,Isande Borrasca,14.0
Lars Azada,Henk Mies,2.0
Lars Azada,Sten Sanjorge Jr,2.0
Lars Azada,Claudio Hawelon,3.0
Lars Azada,Gustav Cazar,13.0
Lars Azada,Ruscella Mies Haber,12.0
Lars Azada,Cecilia Morluniau,2.0
Lars Azada,Rachel Pantanal,2.0
Lars Azada,Emile Arpa,3.0
Lars Azada,Hideki Cocinaro,3.0
Lars Azada,Brand Tempestad,18.0
Lars Azada,Adra Nubarron,17.0
Lars Azada,Inga Ferro,4.0
Lars Azada,Dylan Scozzese,3.0
Lars Azada,Orhan Strum,2.0
Lars Azada,Marin Onda,10.0
Lars Azada,Lidelse Dedos,19.0
Lars Azada,Kanon Herrero,3.0
Lars Azada,Adan Morlun,3.0
Lars Azada,Albina Hafon,2.0
Lars Azada,Sven Flecha,2.0
Lars Azada,Elsa Orilla,21.0
Lars Azada,Nils Calixto,2.0
Lars Azada,Edvard Vann,4.0
Lars Azada,Ingrid Barranco,7.0
Lars Azada,Kare Orilla,10.0
Lars Azada,Axel Calzas,26.0
Dante Coginian,Felix Resumir,6.0
Dante Coginian,Loreto Bodrogi,2.0
Dante Coginian,Vira Frente,1.0
Dante Coginian,Lucas Alcazar,6.0
Dante Coginian,Varro Awelon,12.0
Dante Coginian,Stenig Fusil,1.0
Dante Coginian,Isia Vann,1.0
Dante Coginian,Irene Nant,13.0
Dante Coginian,Isande Borrasca,3.0
Dante Coginian,Henk Mies,21.0
Dante Coginian,Sten Sanjorge Jr,1.0
Dante Coginian,Claudio Hawelon,14.0
Dante Coginian,Gustav Cazar,2.0
Dante Coginian,Ruscella Mies Haber,11.0
Dante Coginian,Cecilia Morluniau,10.0
Dante Coginian,Rachel Pantanal,1.0
Dante Coginian,Emile Arpa,12.0
Dante Coginian,Hideki Cocinaro,7.0
Dante Coginian,Brand Tempestad,1.0
Dante Coginian,Adra Nubarron,4.0
Dante Coginian,Inga Ferro,3.0
Dante Coginian,Dylan Scozzese,16.0
Dante Coginian,Orhan Strum,1.0
Dante Coginian,Marin Onda,2.0
Dante Coginian,Lidelse Dedos,1.0
Dante Coginian,Kanon Herrero,2.0
Dante Coginian,Adan Morlun,19.0
Dante Coginian,Albina Hafon,13.0
Dante Coginian,Sven Flecha,1.0
Dante Coginian,Elsa Orilla,3.0
Dante Coginian,Nils Calixto,1.0
Dante Coginian,Edvard Vann,3.0
Dante Coginian,Ingrid Barranco,6.0
Dante Coginian,Kare Orilla,1.0
Dante Coginian,Axel Calzas,3.0
Felix Resumir,Loreto Bodrogi,6.0
Felix Resumir,Vira Frente,2.0
Felix Resumir,Lucas Alcazar,4.0
Felix Resumir,Varro Awelon,3.0
Felix Resumir,Stenig Fusil,12.0
Felix Resumir,Isia Vann,3.0
Felix Resumir,Irene Nant,3.0
Felix Resumir,Isande Borrasca,4.0
Felix Resumir,Henk Mies,2.0
Felix Resumir,Sten Sanjorge Jr,2.0
Felix Resumir,Claudio Hawelon,3.0
Felix Resumir,Gustav Cazar,3.0
Felix Resumir,Ruscella Mies Haber,12.0
Felix Resumir,Cecilia Morluniau,2.0
Felix Resumir,Rachel Pantanal,2.0
Felix Resumir,Emile Arpa,3.0
Felix Resumir,Hideki Cocinaro,6.0
Felix Resumir,Brand Tempestad,2.0
Felix Resumir,Adra Nubarron,5.0
Felix Resumir,Inga Ferro,7.0
Felix Resumir,Dylan Scozzese,3.0
Felix Resumir,Orhan Strum,2.0
Felix Resumir,Marin Onda,3.0
Felix Resumir,Lidelse Dedos,2.0
Felix Resumir,Kanon Herrero,9.0
Felix Resumir,Adan Morlun,3.0
Felix Resumir,Albina Hafon,2.0
Felix Resumir,Sven Flecha,2.0
Felix Resumir,Elsa Orilla,4.0
Felix Resumir,Nils Calixto,2.0
Felix Resumir,Edvard Vann,11.0
Felix Resumir,Ingrid Barranco,7.0
Felix Resumir,Kare Orilla,2.0
Felix Resumir,Axel Calzas,4.0
Loreto Bodrogi,Vira Frente,1.0
Loreto Bodrogi,Lucas Alcazar,3.0
Loreto Bodrogi,Varro Awelon,2.0
Loreto Bodrogi,Stenig Fusil,9.0
Loreto Bodrogi,Isia Vann,8.0
Loreto Bodrogi,Irene Nant,2.0
Loreto Bodrogi,Isande Borrasca,3.0
Loreto Bodrogi,Henk Mies,1.0
Loreto Bodrogi,Sten Sanjorge Jr,1.0
Loreto Bodrogi,Claudio Hawelon,2.0
Loreto Bodrogi,Gustav Cazar,2.0
Loreto Bodrogi,Ruscella Mies Haber,14.0
Loreto Bodrogi,Cecilia Morluniau,1.0
Loreto Bodrogi,Rachel Pantanal,1.0
Loreto Bodrogi,Emile Arpa,2.0
Loreto Bodrogi,Hideki Cocinaro,4.0
Loreto Bodrogi,Brand Tempestad,1.0
Loreto Bodrogi,Adra Nubarron,4.0
Loreto Bodrogi,Inga Ferro,13.0
Loreto Bodrogi,Dylan Scozzese,2.0
Loreto Bodrogi,Orhan Strum,1.0
Loreto Bodrogi,Marin Onda,2.0
Loreto Bodrogi,Lidelse Dedos,1.0
Loreto Bodrogi,Kanon Herrero,6.0
Loreto Bodrogi,Adan Morlun,2.0
Loreto Bodrogi,Albina Hafon,1.0
Loreto Bodrogi,Sven Flecha,1.0
Loreto Bodrogi,Elsa Orilla,3.0
Loreto Bodrogi,Nils Calixto,1.0
Loreto Bodrogi,Edvard Vann,7.0
Loreto Bodrogi,Ingrid Barranco,11.0
Loreto Bodrogi,Kare Orilla,1.0
Loreto Bodrogi,Axel Calzas,3.0
Vira Frente,Lucas Alcazar,2.0
Vira Frente,Varro Awelon,1.0
Vira Frente,Stenig Fusil,4.0
Vira Frente,Isia Vann,0.0
Vira Frente,Irene Nant,1.0
Vira Frente,Isande Borrasca,11.0
Vira Frente,Henk Mies,0.0
Vira Frente,Sten Sanjorge Jr,0.0
Vira Frente,Claudio Hawelon,1.0
Vira Frente,Gustav Cazar,9.0
Vira Frente,Ruscella Mies Haber,10.0
Vira Frente,Cecilia Morluniau,0.0
Vira Frente,Rachel Pantanal,0.0
Vira Frente,Emile Arpa,1.0
Vira Frente,Hideki Cocinaro,1.0
Vira Frente,Brand Tempestad,12.0
Vira Frente,Adra Nubarron,8.0
Vira Frente,Inga Ferro,2.0
Vira Frente,Dylan Scozzese,1.0
Vira Frente,Orhan Strum,0.0
Vira Frente,Marin Onda,13.0
Vira Frente,Lidelse Dedos,10.0
Vira Frente,Kanon Herrero,1.0
Vira Frente,Adan Morlun,1.0
Vira Frente,Albina Hafon,0.0
Vira Frente,Sven Flecha,0.0
Vira Frente,Elsa Orilla,16.0
Vira Frente,Nils Calixto,0.0
Vira Frente,Edvard Vann,2.0
Vira Frente,Ingrid Barranco,5.0
Vira Frente,Kare Orilla,8.0
Vira Frente,Axel Calzas,19.0
Lucas Alcazar,Varro Awelon,3.0
Lucas Alcazar,Stenig Fusil,2.0
Lucas Alcazar,Isia Vann,2.0
Lucas Alcazar,Irene Nant,3.0
Lucas Alcazar,Isande Borrasca,4.0
Lucas Alcazar,Henk Mies,2.0
Lucas Alcazar,Sten Sanjorge Jr,2.0
Lucas Alcazar,Claudio Hawelon,3.0
Lucas Alcazar,Gustav Cazar,3.0
Lucas Alcazar,Ruscella Mies Haber,12.0
Lucas Alcazar,Cecilia Morluniau,2.0
Lucas Alcazar,Rachel Pantanal,2.0
Lucas Alcazar,Emile Arpa,7.0
Lucas Alcazar,Hideki Cocinaro,3.0
Lucas Alcazar,Brand Tempestad,2.0
Lucas Alcazar,Adra Nubarron,5.0
Lucas Alcazar,Inga Ferro,4.0
Lucas Alcazar,Dylan Scozzese,3.0
Lucas Alcazar,Orhan Strum,2.0
Lucas Alcazar,Marin Onda,3.0
Lucas Alcazar,Lidelse Dedos,2.0
Lucas Alcazar,Kanon Herrero,3.0
Lucas Alcazar,Adan Morlun,3.0
Lucas Alcazar,Albina Hafon,2.0
Lucas Alcazar,Sven Flecha,52.0
Lucas Alcazar,Elsa Orilla,4.0
Lucas Alcazar,Nils Calixto,55.0
Lucas Alcazar,Edvard Vann,4.0
Lucas Alcazar,Ingrid Barranco,7.0
Lucas Alcazar,Kare Orilla,2.0
Lucas Alcazar,Axel Calzas,4.0
Varro Awelon,Stenig Fusil,1.0
Varro Awelon,Isia Vann,1.0
Varro Awelon,Irene Nant,11.0
Varro Awelon,Isande Borrasca,3.0
Varro Awelon,Henk Mies,17.0
Varro Awelon,Sten Sanjorge Jr,1.0
Varro Awelon,Claudio Hawelon,15.0
Varro Awelon,Gustav Cazar,2.0
Varro Awelon,Ruscella Mies Haber,11.0
Varro Awelon,Cecilia Morluniau,9.0
Varro Awelon,Rachel Pantanal,1.0
Varro Awelon,Emile Arpa,8.0
Varro Awelon,Hideki Cocinaro,2.0
Varro Awelon,Brand Tempestad,1.0
Varro Awelon,Adra Nubarron,4.0
Varro Awelon,Inga Ferro,3.0
Varro Awelon,Dylan Scozzese,11.0
Varro Awelon,Orhan Strum,1.0
Varro Awelon,Marin Onda,2.0
Varro Awelon,Lidelse Dedos,1.0
Varro Awelon,Kanon Herrero,2.0
Varro Awelon,Adan Morlun,12.0
Varro Awelon,Albina Hafon,12.0
Varro Awelon,Sven Flecha,1.0
Varro Awelon,Elsa Orilla,3.0
Varro Awelon,Nils Calixto,1.0
Varro Awelon,Edvard Vann,3.0
Varro Awelon,Ingrid Barranco,6.0
Varro Awelon,Kare Orilla,1.0
Varro Awelon,Axel Calzas,3.0
Stenig Fusil,Isia Vann,7.0
Stenig Fusil,Irene Nant,1.0
Stenig Fusil,Isande Borrasca,2.0
Stenig Fusil,Henk Mies,0.0
Stenig Fusil,Sten Sanjorge Jr,0.0
Stenig Fusil,Claudio Hawelon,1.0
Stenig Fusil,Gustav Cazar,1.0
Stenig Fusil,Ruscella Mies Haber,10.0
Stenig Fusil,Cecilia Morluniau,0.0
Stenig Fusil,Rachel Pantanal,0.0
Stenig Fusil,Emile Arpa,1.0
Stenig Fusil,Hideki Cocinaro,11.0
Stenig Fusil,Brand Tempestad,0.0
Stenig Fusil,Adra Nubarron,3.0
Stenig Fusil,Inga Ferro,7.0
Stenig Fusil,Dylan Scozzese,1.0
Stenig Fusil,Orhan Strum,2.0
Stenig Fusil,Marin Onda,1.0
Stenig Fusil,Lidelse Dedos,0.0
Stenig Fusil,Kanon Herrero,8.0
Stenig Fusil,Adan Morlun,1.0
Stenig Fusil,Albina Hafon,0.0
Stenig Fusil,Sven Flecha,0.0
Stenig Fusil,Elsa Orilla,2.0
Stenig Fusil,Nils Calixto,0.0
Stenig Fusil,Edvard Vann,7.0
Stenig Fusil,Ingrid Barranco,5.0
Stenig Fusil,Kare Orilla,0.0
Stenig Fusil,Axel Calzas,2.0
Isia Vann,Irene Nant,1.0
Isia Vann,Isande Borrasca,2.0
Isia Vann,Henk Mies,0.0
Isia Vann,Sten Sanjorge Jr,0.0
Isia Vann,Claudio Hawelon,7.0
Isia Vann,Gustav Cazar,1.0
Isia Vann,Ruscella Mies Haber,12.0
Isia Vann,Cecilia Morluniau,0.0
Isia Vann,Rachel Pantanal,13.0
Isia Vann,Emile Arpa,1.0
Isia Vann,Hideki Cocinaro,9.0
Isia Vann,Brand Tempestad,0.0
Isia Vann,Adra Nubarron,3.0
Isia Vann,Inga Ferro,9.0
Isia Vann,Dylan Scozzese,1.0
Isia Vann,Orhan Strum,0.0
Isia Vann,Marin Onda,1.0
Isia Vann,Lidelse Dedos,0.0
Isia Vann,Kanon Herrero,3.0
Isia Vann,Adan Morlun,1.0
Isia Vann,Albina Hafon,0.0
Isia Vann,Sven Flecha,0.0
Isia Vann,Elsa Orilla,2.0
Isia Vann,Nils Calixto,0.0
Isia Vann,Edvard Vann,8.0
Isia Vann,Ingrid Barranco,5.0
Isia Vann,Kare Orilla,0.0
Isia Vann,Axel Calzas,2.0
Irene Nant,Isande Borrasca,3.0
Irene Nant,Henk Mies,22.0
Irene Nant,Sten Sanjorge Jr,1.0
Irene Nant,Claudio Hawelon,24.0
Irene Nant,Gustav Cazar,2.0
Irene Nant,Ruscella Mies Haber,11.0
Irene Nant,Cecilia Morluniau,18.0
Irene Nant,Rachel Pantanal,1.0
Irene Nant,Emile Arpa,9.0
Irene Nant,Hideki Cocinaro,2.0
Irene Nant,Brand Tempestad,1.0
Irene Nant,Adra Nubarron,4.0
Irene Nant,Inga Ferro,3.0
Irene Nant,Dylan Scozzese,23.0
Irene Nant,Orhan Strum,5.0
Irene Nant,Marin Onda,2.0
Irene Nant,Lidelse Dedos,1.0
Irene Nant,Kanon Herrero,3.0
Irene Nant,Adan Morlun,19.0
Irene Nant,Albina Hafon,19.0
Irene Nant,Sven Flecha,1.0
Irene Nant,Elsa Orilla,3.0
Irene Nant,Nils Calixto,1.0
Irene Nant,Edvard Vann,3.0
Irene Nant,Ingrid Barranco,6.0
Irene Nant,Kare Orilla,1.0
Irene Nant,Axel Calzas,3.0
Isande Borrasca,Henk Mies,2.0
Isande Borrasca,Sten Sanjorge Jr,2.0
Isande Borrasca,Claudio Hawelon,3.0
Isande Borrasca,Gustav Cazar,12.0
Isande Borrasca,Ruscella Mies Haber,12.0
Isande Borrasca,Cecilia Morluniau,2.0
Isande Borrasca,Rachel Pantanal,2.0
Isande Borrasca,Emile Arpa,3.0
Isande Borrasca,Hideki Cocinaro,5.0
Isande Borrasca,Brand Tempestad,18.0
Isande Borrasca,Adra Nubarron,11.0
Isande Borrasca,Inga Ferro,4.0
Isande Borrasca,Dylan Scozzese,3.0
Isande Borrasca,Orhan Strum,2.0
Isande Borrasca,Marin Onda,13.0
Isande Borrasca,Lidelse Dedos,11.0
Isande Borrasca,Kanon Herrero,3.0
Isande Borrasca,Adan Morlun,3.0
Isande Borrasca,Albina Hafon,2.0
Isande Borrasca,Sven Flecha,2.0
Isande Borrasca,Elsa Orilla,16.0
Isande Borrasca,Nils Calixto,2.0
Isande Borrasca,Edvard Vann,4.0
Isande Borrasca,Ingrid Barranco,7.0
Isande Borrasca,Kare Orilla,19.0
Isande Borrasca,Axel Calzas,16.0
Henk Mies,Sten Sanjorge Jr,4.0
Henk Mies,Claudio Hawelon,27.0
Henk Mies,Gustav Cazar,1.0
Henk Mies,Ruscella Mies Haber,10.0
Henk Mies,Cecilia Morluniau,25.0
Henk Mies,Rachel Pantanal,0.0
Henk Mies,Emile Arpa,18.0
Henk Mies,Hideki Cocinaro,1.0
Henk Mies,Brand Tempestad,0.0
Henk Mies,Adra Nubarron,3.0
Henk Mies,Inga Ferro,8.0
Henk Mies,Dylan Scozzese,28.0
Henk Mies,Orhan Strum,0.0
Henk Mies,Marin Onda,1.0
Henk Mies,Lidelse Dedos,0.0
Henk Mies,Kanon Herrero,1.0
Henk Mies,Adan Morlun,31.0
Henk Mies,Albina Hafon,31.0
Henk Mies,Sven Flecha,0.0
Henk Mies,Elsa Orilla,2.0
Henk Mies,Nils Calixto,0.0
Henk Mies,Edvard Vann,4.0
Henk Mies,Ingrid Barranco,5.0
Henk Mies,Kare Orilla,0.0
Henk Mies,Axel Calzas,2.0
Sten Sanjorge Jr,Claudio Hawelon,1.0
Sten Sanjorge Jr,Gustav Cazar,1.0
Sten Sanjorge Jr,Ruscella Mies Haber,10.0
Sten Sanjorge Jr,Cecilia Morluniau,0.0
Sten Sanjorge Jr,Rachel Pantanal,0.0
Sten Sanjorge Jr,Emile Arpa,1.0
Sten Sanjorge Jr,Hideki Cocinaro,1.0
Sten Sanjorge Jr,Brand Tempestad,0.0
Sten Sanjorge Jr,Adra Nubarron,3.0
Sten Sanjorge Jr,Inga Ferro,2.0
Sten Sanjorge Jr,Dylan Scozzese,1.0
Sten Sanjorge Jr,Orhan Strum,15.0
Sten Sanjorge Jr,Marin Onda,1.0
Sten Sanjorge Jr,Lidelse Dedos,0.0
Sten Sanjorge Jr,Kanon Herrero,1.0
Sten Sanjorge Jr,Adan Morlun,1.0
Sten Sanjorge Jr,Albina Hafon,0.0
Sten Sanjorge Jr,Sven Flecha,0.0
Sten Sanjorge Jr,Elsa Orilla,2.0
Sten Sanjorge Jr,Nils Calixto,0.0
Sten Sanjorge Jr,Edvard Vann,2.0
Sten Sanjorge Jr,Ingrid Barranco,19.0
Sten Sanjorge Jr,Kare Orilla,0.0
Sten Sanjorge Jr,Axel Calzas,2.0
Claudio Hawelon,Gustav Cazar,2.0
Claudio Hawelon,Ruscella Mies Haber,11.0
Claudio Hawelon,Cecilia Morluniau,20.0
Claudio Hawelon,Rachel Pantanal,3.0
Claudio Hawelon,Emile Arpa,14.0
Claudio Hawelon,Hideki Cocinaro,2.0
Claudio Hawelon,Brand Tempestad,1.0
Claudio Hawelon,Adra Nubarron,4.0
Claudio Hawelon,Inga Ferro,3.0
Claudio Hawelon,Dylan Scozzese,22.0
Claudio Hawelon,Orhan Strum,1.0
Claudio Hawelon,Marin Onda,2.0
Claudio Hawelon,Lidelse Dedos,1.0
Claudio Hawelon,Kanon Herrero,2.0
Claudio Hawelon,Adan Morlun,18.0
Claudio Hawelon,Albina Hafon,20.0
Claudio Hawelon,Sven Flecha,1.0
Claudio Hawelon,Elsa Orilla,3.0
Claudio Hawelon,Nils Calixto,1.0
Claudio Hawelon,Edvard Vann,3.0
Claudio Hawelon,Ingrid Barranco,6.0
Claudio Hawelon,Kare Orilla,1.0
Claudio Hawelon,Axel Calzas,3.0
Gustav Cazar,Ruscella Mies Haber,11.0
Gustav Cazar,Cecilia Morluniau,1.0
Gustav Cazar,Rachel Pantanal,1.0
Gustav Cazar,Emile Arpa,2.0
Gustav Cazar,Hideki Cocinaro,2.0
Gustav Cazar,Brand Tempestad,10.0
Gustav Cazar,Adra Nubarron,9.0
Gustav Cazar,Inga Ferro,3.0
Gustav Cazar,Dylan Scozzese,2.0
Gustav Cazar,Orhan Strum,7.0
Gustav Cazar,Marin Onda,8.0
Gustav Cazar,Lidelse Dedos,11.0
Gustav Cazar,Kanon Herrero,2.0
Gustav Cazar,Adan Morlun,2.0
Gustav Cazar,Albina Hafon,1.0
Gustav Cazar,Sven Flecha,1.0
Gustav Cazar,Elsa Orilla,20.0
Gustav Cazar,Nils Calixto,1.0
Gustav Cazar,Edvard Vann,3.0
Gustav Cazar,Ingrid Barranco,6.0
Gustav Cazar,Kare Orilla,8.0
Gustav Cazar,Axel Calzas,15.0
Ruscella Mies Haber,Cecilia Morluniau,10.0
Ruscella Mies Haber,Rachel Pantanal,40.0
Ruscella Mies Haber,Emile Arpa,11.0
Ruscella Mies Haber,Hideki Cocinaro,11.0
Ruscella Mies Haber,Brand Tempestad,10.0
Ruscella Mies Haber,Adra Nubarron,17.0
Ruscella Mies Haber,Inga Ferro,16.0
Ruscella Mies Haber,Dylan Scozzese,11.0
Ruscella Mies Haber,Orhan Strum,10.0
Ruscella Mies Haber,Marin Onda,11.0
Ruscella Mies Haber,Lidelse Dedos,10.0
Ruscella Mies Haber,Kanon Herrero,11.0
Ruscella Mies Haber,Adan Morlun,11.0
Ruscella Mies Haber,Albina Hafon,10.0
Ruscella Mies Haber,Sven Flecha,10.0
Ruscella Mies Haber,Elsa Orilla,12.0
Ruscella Mies Haber,Nils Calixto,10.0
Ruscella Mies Haber,Edvard Vann,12.0
Ruscella Mies Haber,Ingrid Barranco,15.0
Ruscella Mies Haber,Kare Orilla,10.0
Ruscella Mies Haber,Axel Calzas,12.0
Cecilia Morluniau,Rachel Pantanal,0.0
Cecilia Morluniau,Emile Arpa,5.0
Cecilia Morluniau,Hideki Cocinaro,1.0
Cecilia Morluniau,Brand Tempestad,0.0
Cecilia Morluniau,Adra Nubarron,4.0
Cecilia Morluniau,Inga Ferro,2.0
Cecilia Morluniau,Dylan Scozzese,19.0
Cecilia Morluniau,Orhan Strum,0.0
Cecilia Morluniau,Marin Onda,1.0
Cecilia Morluniau,Lidelse Dedos,0.0
Cecilia Morluniau,Kanon Herrero,1.0
Cecilia Morluniau,Adan Morlun,17.0
Cecilia Morluniau,Albina Hafon,22.0
Cecilia Morluniau,Sven Flecha,0.0
Cecilia Morluniau,Elsa Orilla,2.0
Cecilia Morluniau,Nils Calixto,0.0
Cecilia Morluniau,Edvard Vann,2.0
Cecilia Morluniau,Ingrid Barranco,8.0
Cecilia Morluniau,Kare Orilla,0.0
Cecilia Morluniau,Axel Calzas,2.0
Rachel Pantanal,Emile Arpa,1.0
Rachel Pantanal,Hideki Cocinaro,1.0
Rachel Pantanal,Brand Tempestad,0.0
Rachel Pantanal,Adra Nubarron,3.0
Rachel Pantanal,Inga Ferro,2.0
Rachel Pantanal,Dylan Scozzese,1.0
Rachel Pantanal,Orhan Strum,0.0
Rachel Pantanal,Marin Onda,1.0
Rachel Pantanal,Lidelse Dedos,0.0
Rachel Pantanal,Kanon Herrero,1.0
Rachel Pantanal,Adan Morlun,1.0
Rachel Pantanal,Albina Hafon,3.0
Rachel Pantanal,Sven Flecha,0.0
Rachel Pantanal,Elsa Orilla,2.0
Rachel Pantanal,Nils Calixto,0.0
Rachel Pantanal,Edvard Vann,2.0
Rachel Pantanal,Ingrid Barranco,5.0
Rachel Pantanal,Kare Orilla,0.0
Rachel Pantanal,Axel Calzas,2.0
Emile Arpa,Hideki Cocinaro,2.0
Emile Arpa,Brand Tempestad,1.0
Emile Arpa,Adra Nubarron,4.0
Emile Arpa,Inga Ferro,3.0
Emile Arpa,Dylan Scozzese,16.0
Emile Arpa,Orhan Strum,1.0
Emile Arpa,Marin Onda,6.0
Emile Arpa,Lidelse Dedos,1.0
Emile Arpa,Kanon Herrero,2.0
Emile Arpa,Adan Morlun,14.0
Emile Arpa,Albina Hafon,11.0
Emile Arpa,Sven Flecha,1.0
Emile Arpa,Elsa Orilla,3.0
Emile Arpa,Nils Calixto,1.0
Emile Arpa,Edvard Vann,3.0
Emile Arpa,Ingrid Barranco,6.0
Emile Arpa,Kare Orilla,1.0
Emile Arpa,Axel Calzas,3.0
Hideki Cocinaro,Brand Tempestad,1.0
Hideki Cocinaro,Adra Nubarron,4.0
Hideki Cocinaro,Inga Ferro,7.0
Hideki Cocinaro,Dylan Scozzese,2.0
Hideki Cocinaro,Orhan Strum,1.0
Hideki Cocinaro,Marin Onda,2.0
Hideki Cocinaro,Lidelse Dedos,1.0
Hideki Cocinaro,Kanon Herrero,4.0
Hideki Cocinaro,Adan Morlun,2.0
Hideki Cocinaro,Albina Hafon,1.0
Hideki Cocinaro,Sven Flecha,1.0
Hideki Cocinaro,Elsa Orilla,3.0
Hideki Cocinaro,Nils Calixto,1.0
Hideki Cocinaro,Edvard Vann,8.0
Hideki Cocinaro,Ingrid Barranco,6.0
Hideki Cocinaro,Kare Orilla,1.0
Hideki Cocinaro,Axel Calzas,3.0
Brand Tempestad,Adra Nubarron,18.0
Brand Tempestad,Inga Ferro,2.0
Brand Tempestad,Dylan Scozzese,1.0
Brand Tempestad,Orhan Strum,0.0
Brand Tempestad,Marin Onda,12.0
Brand Tempestad,Lidelse Dedos,17.0
Brand Tempestad,Kanon Herrero,1.0
Brand Tempestad,Adan Morlun,1.0
Brand Tempestad,Albina Hafon,0.0
Brand Tempestad,Sven Flecha,0.0
Brand Tempestad,Elsa Orilla,19.0
Brand Tempestad,Nils Calixto,0.0
Brand Tempestad,Edvard Vann,2.0
Brand Tempestad,Ingrid Barranco,5.0
Brand Tempestad,Kare Orilla,19.0
Brand Tempestad,Axel Calzas,13.0
Adra Nubarron,Inga Ferro,5.0
Adra Nubarron,Dylan Scozzese,4.0
Adra Nubarron,Orhan Strum,3.0
Adra Nubarron,Marin Onda,11.0
Adra Nubarron,Lidelse Dedos,13.0
Adra Nubarron,Kanon Herrero,4.0
Adra Nubarron,Adan Morlun,4.0
Adra Nubarron,Albina Hafon,3.0
Adra Nubarron,Sven Flecha,3.0
Adra Nubarron,Elsa Orilla,19.0
Adra Nubarron,Nils Calixto,3.0
Adra Nubarron,Edvard Vann,5.0
Adra Nubarron,Ingrid Barranco,8.0
Adra Nubarron,Kare Orilla,14.0
Adra Nubarron,Axel Calzas,10.0
Inga Ferro,Dylan Scozzese,3.0
Inga Ferro,Orhan Strum,2.0
Inga Ferro,Marin Onda,3.0
Inga Ferro,Lidelse Dedos,2.0
Inga Ferro,Kanon Herrero,10.0
Inga Ferro,Adan Morlun,3.0
Inga Ferro,Albina Hafon,2.0
Inga Ferro,Sven Flecha,2.0
Inga Ferro,Elsa Orilla,4.0
Inga Ferro,Nils Calixto,2.0
Inga Ferro,Edvard Vann,8.0
Inga Ferro,Ingrid Barranco,7.0
Inga Ferro,Kare Orilla,3.0
Inga Ferro,Axel Calzas,4.0
Dylan Scozzese,Orhan Strum,1.0
Dylan Scozzese,Marin Onda,2.0
Dylan Scozzese,Lidelse Dedos,1.0
Dylan Scozzese,Kanon Herrero,2.0
Dylan Scozzese,Adan Morlun,30.0
Dylan Scozzese,Albina Hafon,34.0
Dylan Scozzese,Sven Flecha,1.0
Dylan Scozzese,Elsa Orilla,3.0
Dylan Scozzese,Nils Calixto,1.0
Dylan Scozzese,Edvard Vann,3.0
Dylan Scozzese,Ingrid Barranco,6.0
Dylan Scozzese,Kare Orilla,1.0
Dylan Scozzese,Axel Calzas,3.0
Orhan Strum,Marin Onda,1.0
Orhan Strum,Lidelse Dedos,0.0
Orhan Strum,Kanon Herrero,1.0
Orhan Strum,Adan Morlun,1.0
Orhan Strum,Albina Hafon,0.0
Orhan Strum,Sven Flecha,0.0
Orhan Strum,Elsa Orilla,2.0
Orhan Strum,Nils Calixto,0.0
Orhan Strum,Edvard Vann,2.0
Orhan Strum,Ingrid Barranco,14.0
Orhan Strum,Kare Orilla,0.0
Orhan Strum,Axel Calzas,2.0
Marin Onda,Lidelse Dedos,9.0
Marin Onda,Kanon Herrero,2.0
Marin Onda,Adan Morlun,2.0
Marin Onda,Albina Hafon,1.0
Marin Onda,Sven Flecha,1.0
Marin Onda,Elsa Orilla,15.0
Marin Onda,Nils Calixto,1.0
Marin Onda,Edvard Vann,3.0
Marin Onda,Ingrid Barranco,6.0
Marin Onda,Kare Orilla,13.0
Marin Onda,Axel Calzas,8.0
Lidelse Dedos,Kanon Herrero,1.0
Lidelse Dedos,Adan Morlun,1.0
Lidelse Dedos,Albina Hafon,0.0
Lidelse Dedos,Sven Flecha,0.0
Lidelse Dedos,Elsa Orilla,15.0
Lidelse Dedos,Nils Calixto,0.0
Lidelse Dedos,Edvard Vann,2.0
Lidelse Dedos,Ingrid Barranco,5.0
Lidelse Dedos,Kare Orilla,17.0
Lidelse Dedos,Axel Calzas,14.0
Kanon Herrero,Adan Morlun,2.0
Kanon Herrero,Albina Hafon,1.0
Kanon Herrero,Sven Flecha,1.0
Kanon Herrero,Elsa Orilla,3.0
Kanon Herrero,Nils Calixto,6.0
Kanon Herrero,Edvard Vann,10.0
Kanon Herrero,Ingrid Barranco,6.0
Kanon Herrero,Kare Orilla,1.0
Kanon Herrero,Axel Calzas,3.0
Adan Morlun,Albina Hafon,22.0
Adan Morlun,Sven Flecha,1.0
Adan Morlun,Elsa Orilla,3.0
Adan Morlun,Nils Calixto,1.0
Adan Morlun,Edvard Vann,3.0
Adan Morlun,Ingrid Barranco,6.0
Adan Morlun,Kare Orilla,1.0
Adan Morlun,Axel Calzas,3.0
Albina Hafon,Sven Flecha,0.0
Albina Hafon,Elsa Orilla,2.0
Albina Hafon,Nils Calixto,0.0
Albina Hafon,Edvard Vann,2.0
Albina Hafon,Ingrid Barranco,5.0
Albina Hafon,Kare Orilla,0.0
Albina Hafon,Axel Calzas,2.0
Sven Flecha,Elsa Orilla,2.0
Sven Flecha,Nils Calixto,60.0
Sven Flecha,Edvard Vann,2.0
Sven Flecha,Ingrid Barranco,5.0
Sven Flecha,Kare Orilla,0.0
Sven Flecha,Axel Calzas,2.0
Elsa Orilla,Nils Calixto,2.0
Elsa Orilla,Edvard Vann,9.0
Elsa Orilla,Ingrid Barranco,7.0
Elsa Orilla,Kare Orilla,19.0
Elsa Orilla,Axel Calzas,21.0
Nils Calixto,Edvard Vann,2.0
Nils Calixto,Ingrid Barranco,5.0
Nils Calixto,Kare Orilla,0.0
Nils Calixto,Axel Calzas,7.0
Edvard Vann,Ingrid Barranco,7.0
Edvard Vann,Kare Orilla,2.0
Edvard Vann,Axel Calzas,4.0
Ingrid Barranco,Kare Orilla,8.0
Ingrid Barranco,Axel Calzas,7.0
Kare Orilla,Axel Calzas,13.0